,,,,,,
Etapa do Funil,Tempo de Disparo ap√≥s Inatividade,Nome do Template da Mensagem,Categoria da Mensagem,Template da Mensagem,Resposta Autom√°tica,Status
Novo Lead - Aguardando Resposta (IA),10 minutos,novo_lead_10min,Utility,"""Ei, Boss! üöÄ Vi que voc√™ recebeu a mensagem, mas ainda n√£o respondeu. Quer tirar alguma d√∫vida antes de come√ßarmos?""",Sim,aprovado
Novo Lead - Aguardando Resposta (IA),30 minutos,novo_lead_30min,Utility,"""Boss, sei que a vida √© corrida e √†s vezes a gente v√™ uma mensagem e acaba esquecendo de responder. Mas eu realmente quero te ajudar a vender mais pelo Instagram! üí° Podemos falar rapidinho?""",Sim,aprovado
Novo Lead - Aguardando Resposta (IA),1 hora,novo_lead_1h,Utility,"""Boss, s√≥ lembrando que posso te ajudar com um planejamento de conte√∫do certeiro. Quer ver como funciona?""",Sim,aprovado
Novo Lead - Aguardando Resposta (IA),24 horas,novo_lead_24h,Utility,"Ei, Boss! Vi que voc√™ ainda n√£o respondeu... T√° tudo certo por a√≠? Se tiver d√∫vidas, me avisa! Estou aqui para te ajudar a fazer seu Instagram vender mais. ",Sim,aprovado
Novo Lead - Aguardando Resposta (IA),48 horas,novo_lead_48h,Utility,"""Boss, se voc√™ ainda quiser saber como vender mais pelo Instagram, me avisa! Estamos ajudando v√°rias lojistas a sair do zero ou come√ßar a vender todos os dias. Quer ver como?""",Sim,aprovado
Lead Engajado - Em Qualifica√ß√£o (IA),10 minutos,qualificacao_10min,Utility,"""Boss, sua resposta √© muito importante para que eu possa te mostrar o melhor caminho! Podemos continuar?""",Sim,aprovado
Lead Engajado - Em Qualifica√ß√£o (IA),1 hora,qualificacao_1h,Utility,"""Boss, muitas lojistas estavam no seu lugar h√° pouco tempo e hoje j√° vendem todos os dias! O segredo est√° em um planejamento certo na rede social! Quer ver um exemplo?""",Sim,aprovado
Lead Engajado - Em Qualifica√ß√£o (IA),24 horas,qualificacao_24h,Utility,"""Boss, diz a lenda que quem ignora essa mensagem continua sem saber o que postar‚Ä¶ üòÖ Mas eu t√¥ aqui pra garantir que isso n√£o aconte√ßa com voc√™! Quer saber como?""",Sim,aprovado
Lead com D√∫vidas (IA),20 minutos,duvida_20min,Utility,"""Boss, percebi que voc√™ tem algumas d√∫vidas... Mas me conta, o que exatamente est√° te segurando? √â medo de n√£o saber aplicar? De n√£o conseguir ver resultados? Muitas alunas come√ßaram assim, mas logo perceberam o quanto estavam perdendo sem uma estrat√©gia certa! Quer entender como elas superaram isso?""",Sim,aprovado
Lead com D√∫vidas (IA),1 hora,duvida_1h,Utility,"""Boss, eu sei que dar o primeiro passo pode parecer dif√≠cil, mas j√° imaginou quanto dinheiro voc√™ pode estar deixando na mesa todos os meses sem um planejamento de conte√∫do? Cada dia sem estrat√©gia √© uma oportunidade perdida. Vamos mudar isso agora?""",Sim,aprovado
Lead com D√∫vidas (IA),23 horas,duvida_23h,Utility,"""Boss, sabia que mais de 2000 lojistas j√° est√£o aplicando essa estrat√©gia e vendo resultados incr√≠veis? N√£o sou s√≥ eu dizendo, s√£o pessoas que estavam na mesma situa√ß√£o que voc√™ e decidiram agir! Quer ver alguns depoimentos?""",Sim,aprovado
Lead com D√∫vidas (IA),5 dias,duvida_5dias,Utility,"""Boss, vi que voc√™ ainda tem d√∫vidas... Mas me diz, o que te faria tomar essa decis√£o agora? Se quiser, posso te conectar com um especialista para entender melhor sua situa√ß√£o e te ajudar a definir o melhor caminho. O que acha?""",Sim,aprovado
Lead Qualificado - Fechamento (IA),10 minutos,fechamento_10min,Utility,"""Boss, viu a oferta? Se precisar de mais detalhes, posso te explicar melhor!""",Sim,aprovado
Lead Qualificado - Fechamento (IA),1 hora,fechamento_1h,Utility,"""Boss, vi que voc√™ acessou a p√°gina mas ainda n√£o finalizou. S√≥ lembrando que os b√¥nus s√£o por tempo limitado! Quer garantir antes que acabe?""",Sim,aprovado
Lead Qualificado - Fechamento (IA),24 horas,fechamento_24h,Utility,"""√öltima chamada! Hoje √© o √∫ltimo dia para garantir o b√¥nus e n√£o quero que voc√™ perca essa chance! """,Sim,aprovado
Carrinho Abandonado,20 minutos,carrinho_20min,Utility,"""Boss, vi que voc√™ iniciou o processo de inscri√ß√£o, mas n√£o finalizou. Se precisar de alguma ajuda ou tiver alguma d√∫vida, estou por aqui! """,Sim,aprovado
Carrinho Abandonado,1 hora,carrinho_1h,Utility,"""Boss, s√≥ passando para te lembrar que seu acesso ao Conte√∫do Inteligente est√° reservado, mas n√£o por muito tempo. üò¨ Finalize agora e receba [B√îNUS EXCLUSIVO]!  [Link para finalizar a inscri√ß√£o]""",Sim,aprovado
Carrinho Abandonado,23 horas,carrinho_23h,Utility,"""Boss, voc√™ n√£o est√° sozinho! Muitas lojistas estavam na mesma situa√ß√£o, mas decidiram agir e hoje t√™m resultados incr√≠veis. Quer ver como elas est√£o vendendo mais? Ainda d√° tempo de garantir sua vaga: [Link para finalizar a inscri√ß√£o]""",Sim,aprovado
Carrinho Abandonado,5 dias,carrinho_5dias,Utility,"""Boss, essa pode ser sua √∫ltima chance de entrar no Conte√∫do Inteligente com as condi√ß√µes especiais de hoje. Se quiser transformar sua estrat√©gia de conte√∫do, a hora √© agora! ‚ö° √öltimas vagas: [Link para finalizar a inscri√ß√£o]""",Sim,aprovado
Compra Conclu√≠da (P√≥s-Venda),Imediatamente,pos_venda_imediato,Utility,"""Boss, parab√©ns! üéâ Sua inscri√ß√£o no Conte√∫do Inteligente foi confirmada! Agora voc√™ tem acesso ao nosso calend√°rio estrat√©gico e b√¥nus exclusivos para transformar seu Instagram. Confira seu acesso aqui: [LINK DO LOGIN]""",Sim,aprovado
Compra Conclu√≠da (P√≥s-Venda),1 hora,pos_venda_1h,Utility,"""Agora que voc√™ j√° garantiu seu acesso, que tal dar o primeiro passo?  O segredo para ter resultados √© come√ßar AGORA! Aqui est√° o cronograma para voc√™ j√° aplicar sua nova estrat√©gia: [LINK]""",Sim,aprovado
Compra Conclu√≠da (P√≥s-Venda),23 horas,pos_venda_23h,Utility,"""Boss, j√° come√ßou a aplicar o m√©todo? üí° Muitas alunas viram mudan√ßas no engajamento j√° nos primeiros dias! Quer ver como outras lojistas est√£o usando nossa estrat√©gia para vender mais? Confira os depoimentos aqui: [LINK]""",Sim,aprovado
Compra Conclu√≠da (P√≥s-Venda),5 dias,pos_venda_5dias,Utility,"""Boss, 5 dias se passaram e agora quero saber: voc√™ j√° come√ßou a implementar sua estrat√©gia?  Se precisar de alguma ajuda, nossa equipe est√° dispon√≠vel para te apoiar! üí¨""",Sim,aprovado
Cliente N√£o Engajado (P√≥s-Venda),15 dias,Reengajamento com Incentivo,Utility,"""Boss, sabemos que a rotina √© corrida, mas n√£o queremos que voc√™ perca o ritmo!  Preparamos um treinamento b√¥nus exclusivo para te ajudar a aplicar o Conte√∫do Inteligente e turbinar seus resultados! [Link para o treinamento]""",Sim,aprovado